{
  "publications": [
    {
      "title": "Overspeed Surveillance System Using Computer vision, Deep learning and Distributed system",
      "link": "https://www.techrxiv.org/doi/full/10.22541/au.169588812.21333562",
      "descriptions": [
        "Sanjog Gaihre, Aabhash Dhaubanja, Nabin Adhikari, Nitesh Das, Pratik Tamrakar, Binod Sharma",
        "The Journal of Engineering, 2023. (On Review)"
      ]
    },
    {
      "title": "Soft Body Dynamics using mass-spring system and internal pressure model",
      "link": "https://drive.google.com/file/d/1-Rs-rOq2-2JT65DheP7dDuKeRvZQ34ST/view?usp=sharing",
      "descriptions": [
        "Sanjog Gaihre, Aayush Twayana, Supriya Khadka, Sanish Shrestha",
        "(In Progress)"
      ]
    }
  ]
}
